{"cameraMode":{"drawMode":0,"name":"Shaded","section":"Shading Mode"},"sceneLighting":false,"audioPlay":false,"sceneViewState":{"m_AlwaysRefresh":false,"showFog":true,"showSkybox":false,"showFlares":true,"showImageEffects":true,"showParticleSystems":true,"showVisualEffectGraphs":true,"m_FxEnabled":true},"in2DMode":false,"pivot":{"x":893.3685913085938,"y":539.030029296875,"z":-111.49290466308594},"rotation":{"x":0.05988611280918121,"y":-0.05088618025183678,"z":0.0030568591319024565,"w":0.9969035983085632},"size":469.5902404785156,"orthographic":false}